Index,Product_Registration,File_Path,File_Name,DLP_File_Date_UTC,Time_Zone_Offset,Number_Recordings,File_Hours,ClientGroup_Name,ClientGroup_ID,Child_ChildKey,Child_ChildID,Child_DOB,Child_Age,Child_Gender,Child_EnrollDate,DLP,ITS_Version,AWC,Turn_Count,Child_Voc_Count,FAN_Word_Count,MAN_Word_Count,SIL,Recording_Index,Elapsed_Time,Clock_Time_TZAdj,Audio_Duration
1,N/A,C:\Users\salov\Desktop,20210321_202437_029783.its,2021-03-21 12:00:58,-1,1,13.36,N/A,N/A,LMV2.6.19b.20201007204127.51526,N/A,2020-03-08,12,F,N/A,29783,5.0.1,39.00,1.00,1.00,30.40,8.23,75.18,1.00,0.00,03/21/2021 13:00:58,242.00
2,N/A,C:\Users\salov\Desktop,20210321_202437_029783.its,2021-03-21 12:00:58,-1,1,13.36,N/A,N/A,LMV2.6.19b.20201007204127.51526,N/A,2020-03-08,12,F,N/A,29783,5.0.1,86.00,2.00,3.00,65.35,20.95,102.57,1.00,242.00,03/21/2021 13:05:00,300.00
3,N/A,C:\Users\salov\Desktop,20210321_202437_029783.its,2021-03-21 12:00:58,-1,1,13.36,N/A,N/A,LMV2.6.19b.20201007204127.51526,N/A,2020-03-08,12,F,N/A,29783,5.0.1,220.00,6.00,14.00,139.85,80.45,84.59,1.00,542.00,03/21/2021 13:10:00,300.00
4,N/A,C:\Users\salov\Desktop,20210321_202437_029783.its,2021-03-21 12:00:58,-1,1,13.36,N/A,N/A,LMV2.6.19b.20201007204127.51526,N/A,2020-03-08,12,F,N/A,29783,5.0.1,122.00,3.00,4.00,97.56,24.41,22.32,1.00,842.00,03/21/2021 13:15:00,300.00
5,N/A,C:\Users\salov\Desktop,20210321_202437_029783.its,2021-03-21 12:00:58,-1,1,13.36,N/A,N/A,LMV2.6.19b.20201007204127.51526,N/A,2020-03-08,12,F,N/A,29783,5.0.1,34.00,1.00,2.00,29.66,4.52,33.97,1.00,1142.00,03/21/2021 13:20:00,300.00
6,N/A,C:\Users\salov\Desktop,20210321_202437_029783.its,2021-03-21 12:00:58,-1,1,13.36,N/A,N/A,LMV2.6.19b.20201007204127.51526,N/A,2020-03-08,12,F,N/A,29783,5.0.1,15.00,0.00,5.00,14.15,0.00,120.76,1.00,1442.00,03/21/2021 13:25:00,300.00
7,N/A,C:\Users\salov\Desktop,20210321_202437_029783.its,2021-03-21 12:00:58,-1,1,13.36,N/A,N/A,LMV2.6.19b.20201007204127.51526,N/A,2020-03-08,12,F,N/A,29783,5.0.1,160.00,8.00,22.00,75.18,85.09,72.55,1.00,1742.00,03/21/2021 13:30:00,300.00
8,N/A,C:\Users\salov\Desktop,20210321_202437_029783.its,2021-03-21 12:00:58,-1,1,13.36,N/A,N/A,LMV2.6.19b.20201007204127.51526,N/A,2020-03-08,12,F,N/A,29783,5.0.1,109.00,1.00,4.00,67.28,41.53,9.47,1.00,2042.00,03/21/2021 13:35:00,300.00
9,N/A,C:\Users\salov\Desktop,20210321_202437_029783.its,2021-03-21 12:00:58,-1,1,13.36,N/A,N/A,LMV2.6.19b.20201007204127.51526,N/A,2020-03-08,12,F,N/A,29783,5.0.1,11.00,1.00,38.00,6.33,5.04,37.00,1.00,2342.00,03/21/2021 13:40:00,300.00
10,N/A,C:\Users\salov\Desktop,20210321_202437_029783.its,2021-03-21 12:00:58,-1,1,13.36,N/A,N/A,LMV2.6.19b.20201007204127.51526,N/A,2020-03-08,12,F,N/A,29783,5.0.1,62.00,1.00,13.00,61.40,0.38,21.60,1.00,2642.00,03/21/2021 13:45:00,300.00
11,N/A,C:\Users\salov\Desktop,20210321_202437_029783.its,2021-03-21 12:00:58,-1,1,13.36,N/A,N/A,LMV2.6.19b.20201007204127.51526,N/A,2020-03-08,12,F,N/A,29783,5.0.1,79.00,3.00,18.00,74.69,4.47,28.06,1.00,2942.00,03/21/2021 13:50:00,300.00
12,N/A,C:\Users\salov\Desktop,20210321_202437_029783.its,2021-03-21 12:00:58,-1,1,13.36,N/A,N/A,LMV2.6.19b.20201007204127.51526,N/A,2020-03-08,12,F,N/A,29783,5.0.1,95.00,3.00,9.00,65.91,28.76,22.15,1.00,3242.00,03/21/2021 13:55:00,300.00
13,N/A,C:\Users\salov\Desktop,20210321_202437_029783.its,2021-03-21 12:00:58,-1,1,13.36,N/A,N/A,LMV2.6.19b.20201007204127.51526,N/A,2020-03-08,12,F,N/A,29783,5.0.1,28.00,2.00,20.00,28.37,0.00,6.96,1.00,3542.00,03/21/2021 14:00:00,300.00
14,N/A,C:\Users\salov\Desktop,20210321_202437_029783.its,2021-03-21 12:00:58,-1,1,13.36,N/A,N/A,LMV2.6.19b.20201007204127.51526,N/A,2020-03-08,12,F,N/A,29783,5.0.1,42.00,0.00,1.00,42.10,0.00,9.01,1.00,3842.00,03/21/2021 14:05:00,300.00
15,N/A,C:\Users\salov\Desktop,20210321_202437_029783.its,2021-03-21 12:00:58,-1,1,13.36,N/A,N/A,LMV2.6.19b.20201007204127.51526,N/A,2020-03-08,12,F,N/A,29783,5.0.1,229.00,3.00,3.00,193.46,35.14,15.09,1.00,4142.00,03/21/2021 14:10:00,300.00
16,N/A,C:\Users\salov\Desktop,20210321_202437_029783.its,2021-03-21 12:00:58,-1,1,13.36,N/A,N/A,LMV2.6.19b.20201007204127.51526,N/A,2020-03-08,12,F,N/A,29783,5.0.1,108.00,1.00,1.00,108.68,0.00,56.43,1.00,4442.00,03/21/2021 14:15:00,300.00
17,N/A,C:\Users\salov\Desktop,20210321_202437_029783.its,2021-03-21 12:00:58,-1,1,13.36,N/A,N/A,LMV2.6.19b.20201007204127.51526,N/A,2020-03-08,12,F,N/A,29783,5.0.1,24.00,0.00,4.00,17.76,5.94,32.35,1.00,4742.00,03/21/2021 14:20:00,300.00
18,N/A,C:\Users\salov\Desktop,20210321_202437_029783.its,2021-03-21 12:00:58,-1,1,13.36,N/A,N/A,LMV2.6.19b.20201007204127.51526,N/A,2020-03-08,12,F,N/A,29783,5.0.1,92.00,3.00,8.00,6.52,85.89,41.92,1.00,5042.00,03/21/2021 14:25:00,300.00
19,N/A,C:\Users\salov\Desktop,20210321_202437_029783.its,2021-03-21 12:00:58,-1,1,13.36,N/A,N/A,LMV2.6.19b.20201007204127.51526,N/A,2020-03-08,12,F,N/A,29783,5.0.1,15.00,0.00,2.00,0.00,14.76,6.99,1.00,5342.00,03/21/2021 14:30:00,300.00
20,N/A,C:\Users\salov\Desktop,20210321_202437_029783.its,2021-03-21 12:00:58,-1,1,13.36,N/A,N/A,LMV2.6.19b.20201007204127.51526,N/A,2020-03-08,12,F,N/A,29783,5.0.1,49.00,0.00,0.00,42.09,6.84,133.32,1.00,5642.00,03/21/2021 14:35:00,300.00
21,N/A,C:\Users\salov\Desktop,20210321_202437_029783.its,2021-03-21 12:00:58,-1,1,13.36,N/A,N/A,LMV2.6.19b.20201007204127.51526,N/A,2020-03-08,12,F,N/A,29783,5.0.1,124.00,3.00,6.00,118.97,5.08,132.07,1.00,5942.00,03/21/2021 14:40:00,300.00
22,N/A,C:\Users\salov\Desktop,20210321_202437_029783.its,2021-03-21 12:00:58,-1,1,13.36,N/A,N/A,LMV2.6.19b.20201007204127.51526,N/A,2020-03-08,12,F,N/A,29783,5.0.1,165.00,5.00,23.00,58.83,105.73,22.45,1.00,6242.00,03/21/2021 14:45:00,300.00
23,N/A,C:\Users\salov\Desktop,20210321_202437_029783.its,2021-03-21 12:00:58,-1,1,13.36,N/A,N/A,LMV2.6.19b.20201007204127.51526,N/A,2020-03-08,12,F,N/A,29783,5.0.1,137.00,5.00,12.00,39.25,98.39,12.72,1.00,6542.00,03/21/2021 14:50:00,300.00
24,N/A,C:\Users\salov\Desktop,20210321_202437_029783.its,2021-03-21 12:00:58,-1,1,13.36,N/A,N/A,LMV2.6.19b.20201007204127.51526,N/A,2020-03-08,12,F,N/A,29783,5.0.1,77.00,1.00,14.00,61.42,15.42,27.13,1.00,6842.00,03/21/2021 14:55:00,300.00
25,N/A,C:\Users\salov\Desktop,20210321_202437_029783.its,2021-03-21 12:00:58,-1,1,13.36,N/A,N/A,LMV2.6.19b.20201007204127.51526,N/A,2020-03-08,12,F,N/A,29783,5.0.1,68.00,2.00,28.00,33.21,34.16,13.99,1.00,7142.00,03/21/2021 15:00:00,300.00
26,N/A,C:\Users\salov\Desktop,20210321_202437_029783.its,2021-03-21 12:00:58,-1,1,13.36,N/A,N/A,LMV2.6.19b.20201007204127.51526,N/A,2020-03-08,12,F,N/A,29783,5.0.1,117.00,3.00,15.00,87.58,29.51,39.87,1.00,7442.00,03/21/2021 15:05:00,300.00
27,N/A,C:\Users\salov\Desktop,20210321_202437_029783.its,2021-03-21 12:00:58,-1,1,13.36,N/A,N/A,LMV2.6.19b.20201007204127.51526,N/A,2020-03-08,12,F,N/A,29783,5.0.1,155.00,4.00,12.00,136.10,19.39,34.21,1.00,7742.00,03/21/2021 15:10:00,300.00
28,N/A,C:\Users\salov\Desktop,20210321_202437_029783.its,2021-03-21 12:00:58,-1,1,13.36,N/A,N/A,LMV2.6.19b.20201007204127.51526,N/A,2020-03-08,12,F,N/A,29783,5.0.1,80.00,1.00,1.00,68.28,11.99,13.55,1.00,8042.00,03/21/2021 15:15:00,300.00
29,N/A,C:\Users\salov\Desktop,20210321_202437_029783.its,2021-03-21 12:00:58,-1,1,13.36,N/A,N/A,LMV2.6.19b.20201007204127.51526,N/A,2020-03-08,12,F,N/A,29783,5.0.1,146.00,2.00,3.00,116.78,28.28,86.81,1.00,8342.00,03/21/2021 15:20:00,300.00
30,N/A,C:\Users\salov\Desktop,20210321_202437_029783.its,2021-03-21 12:00:58,-1,1,13.36,N/A,N/A,LMV2.6.19b.20201007204127.51526,N/A,2020-03-08,12,F,N/A,29783,5.0.1,124.00,0.00,0.00,51.55,73.43,64.49,1.00,8642.00,03/21/2021 15:25:00,300.00
31,N/A,C:\Users\salov\Desktop,20210321_202437_029783.its,2021-03-21 12:00:58,-1,1,13.36,N/A,N/A,LMV2.6.19b.20201007204127.51526,N/A,2020-03-08,12,F,N/A,29783,5.0.1,172.00,2.00,2.00,131.42,40.55,39.34,1.00,8942.00,03/21/2021 15:30:00,300.00
32,N/A,C:\Users\salov\Desktop,20210321_202437_029783.its,2021-03-21 12:00:58,-1,1,13.36,N/A,N/A,LMV2.6.19b.20201007204127.51526,N/A,2020-03-08,12,F,N/A,29783,5.0.1,124.00,0.00,1.00,102.03,21.90,95.56,1.00,9242.00,03/21/2021 15:35:00,300.00
33,N/A,C:\Users\salov\Desktop,20210321_202437_029783.its,2021-03-21 12:00:58,-1,1,13.36,N/A,N/A,LMV2.6.19b.20201007204127.51526,N/A,2020-03-08,12,F,N/A,29783,5.0.1,54.00,3.00,3.00,17.24,36.76,31.97,1.00,9542.00,03/21/2021 15:40:00,300.00
34,N/A,C:\Users\salov\Desktop,20210321_202437_029783.its,2021-03-21 12:00:58,-1,1,13.36,N/A,N/A,LMV2.6.19b.20201007204127.51526,N/A,2020-03-08,12,F,N/A,29783,5.0.1,222.00,0.00,0.00,38.38,183.60,22.30,1.00,9842.00,03/21/2021 15:45:00,300.00
35,N/A,C:\Users\salov\Desktop,20210321_202437_029783.its,2021-03-21 12:00:58,-1,1,13.36,N/A,N/A,LMV2.6.19b.20201007204127.51526,N/A,2020-03-08,12,F,N/A,29783,5.0.1,198.00,1.00,1.00,97.22,100.84,23.74,1.00,10142.00,03/21/2021 15:50:00,300.00
36,N/A,C:\Users\salov\Desktop,20210321_202437_029783.its,2021-03-21 12:00:58,-1,1,13.36,N/A,N/A,LMV2.6.19b.20201007204127.51526,N/A,2020-03-08,12,F,N/A,29783,5.0.1,269.00,4.00,4.00,187.38,81.57,35.91,1.00,10442.00,03/21/2021 15:55:00,300.00
37,N/A,C:\Users\salov\Desktop,20210321_202437_029783.its,2021-03-21 12:00:58,-1,1,13.36,N/A,N/A,LMV2.6.19b.20201007204127.51526,N/A,2020-03-08,12,F,N/A,29783,5.0.1,79.00,1.00,2.00,18.34,60.49,4.26,1.00,10742.00,03/21/2021 16:00:00,300.00
38,N/A,C:\Users\salov\Desktop,20210321_202437_029783.its,2021-03-21 12:00:58,-1,1,13.36,N/A,N/A,LMV2.6.19b.20201007204127.51526,N/A,2020-03-08,12,F,N/A,29783,5.0.1,44.00,0.00,0.00,11.42,32.75,1.87,1.00,11042.00,03/21/2021 16:05:00,300.00
39,N/A,C:\Users\salov\Desktop,20210321_202437_029783.its,2021-03-21 12:00:58,-1,1,13.36,N/A,N/A,LMV2.6.19b.20201007204127.51526,N/A,2020-03-08,12,F,N/A,29783,5.0.1,81.00,2.00,3.00,47.56,33.41,3.59,1.00,11342.00,03/21/2021 16:10:00,300.00
40,N/A,C:\Users\salov\Desktop,20210321_202437_029783.its,2021-03-21 12:00:58,-1,1,13.36,N/A,N/A,LMV2.6.19b.20201007204127.51526,N/A,2020-03-08,12,F,N/A,29783,5.0.1,27.00,3.00,12.00,5.85,20.54,0.00,1.00,11642.00,03/21/2021 16:15:00,300.00
41,N/A,C:\Users\salov\Desktop,20210321_202437_029783.its,2021-03-21 12:00:58,-1,1,13.36,N/A,N/A,LMV2.6.19b.20201007204127.51526,N/A,2020-03-08,12,F,N/A,29783,5.0.1,30.00,1.00,4.00,25.32,4.67,0.00,1.00,11942.00,03/21/2021 16:20:00,300.00
42,N/A,C:\Users\salov\Desktop,20210321_202437_029783.its,2021-03-21 12:00:58,-1,1,13.36,N/A,N/A,LMV2.6.19b.20201007204127.51526,N/A,2020-03-08,12,F,N/A,29783,5.0.1,14.00,1.00,23.00,14.05,0.00,0.00,1.00,12242.00,03/21/2021 16:25:00,300.00
43,N/A,C:\Users\salov\Desktop,20210321_202437_029783.its,2021-03-21 12:00:58,-1,1,13.36,N/A,N/A,LMV2.6.19b.20201007204127.51526,N/A,2020-03-08,12,F,N/A,29783,5.0.1,168.00,3.00,8.00,70.69,97.87,0.00,1.00,12542.00,03/21/2021 16:30:00,300.00
44,N/A,C:\Users\salov\Desktop,20210321_202437_029783.its,2021-03-21 12:00:58,-1,1,13.36,N/A,N/A,LMV2.6.19b.20201007204127.51526,N/A,2020-03-08,12,F,N/A,29783,5.0.1,73.00,2.00,6.00,25.87,46.35,0.00,1.00,12842.00,03/21/2021 16:35:00,300.00
45,N/A,C:\Users\salov\Desktop,20210321_202437_029783.its,2021-03-21 12:00:58,-1,1,13.36,N/A,N/A,LMV2.6.19b.20201007204127.51526,N/A,2020-03-08,12,F,N/A,29783,5.0.1,192.00,7.00,11.00,169.92,23.01,0.00,1.00,13142.00,03/21/2021 16:40:00,300.00
46,N/A,C:\Users\salov\Desktop,20210321_202437_029783.its,2021-03-21 12:00:58,-1,1,13.36,N/A,N/A,LMV2.6.19b.20201007204127.51526,N/A,2020-03-08,12,F,N/A,29783,5.0.1,175.00,7.00,13.00,158.01,16.29,0.00,1.00,13442.00,03/21/2021 16:45:00,300.00
47,N/A,C:\Users\salov\Desktop,20210321_202437_029783.its,2021-03-21 12:00:58,-1,1,13.36,N/A,N/A,LMV2.6.19b.20201007204127.51526,N/A,2020-03-08,12,F,N/A,29783,5.0.1,73.00,4.00,18.00,39.89,33.77,5.96,1.00,13742.00,03/21/2021 16:50:00,300.00
48,N/A,C:\Users\salov\Desktop,20210321_202437_029783.its,2021-03-21 12:00:58,-1,1,13.36,N/A,N/A,LMV2.6.19b.20201007204127.51526,N/A,2020-03-08,12,F,N/A,29783,5.0.1,150.00,0.00,5.00,90.08,59.32,6.75,1.00,14042.00,03/21/2021 16:55:00,300.00
49,N/A,C:\Users\salov\Desktop,20210321_202437_029783.its,2021-03-21 12:00:58,-1,1,13.36,N/A,N/A,LMV2.6.19b.20201007204127.51526,N/A,2020-03-08,12,F,N/A,29783,5.0.1,82.00,2.00,12.00,55.99,26.06,0.00,1.00,14342.00,03/21/2021 17:00:00,300.00
50,N/A,C:\Users\salov\Desktop,20210321_202437_029783.its,2021-03-21 12:00:58,-1,1,13.36,N/A,N/A,LMV2.6.19b.20201007204127.51526,N/A,2020-03-08,12,F,N/A,29783,5.0.1,105.00,1.00,1.00,51.65,53.44,48.66,1.00,14642.00,03/21/2021 17:05:00,300.00
51,N/A,C:\Users\salov\Desktop,20210321_202437_029783.its,2021-03-21 12:00:58,-1,1,13.36,N/A,N/A,LMV2.6.19b.20201007204127.51526,N/A,2020-03-08,12,F,N/A,29783,5.0.1,44.00,1.00,6.00,0.00,44.46,10.58,1.00,14942.00,03/21/2021 17:10:00,300.00
52,N/A,C:\Users\salov\Desktop,20210321_202437_029783.its,2021-03-21 12:00:58,-1,1,13.36,N/A,N/A,LMV2.6.19b.20201007204127.51526,N/A,2020-03-08,12,F,N/A,29783,5.0.1,40.00,0.00,0.00,34.01,5.33,0.00,1.00,15242.00,03/21/2021 17:15:00,300.00
53,N/A,C:\Users\salov\Desktop,20210321_202437_029783.its,2021-03-21 12:00:58,-1,1,13.36,N/A,N/A,LMV2.6.19b.20201007204127.51526,N/A,2020-03-08,12,F,N/A,29783,5.0.1,4.00,0.00,0.00,0.00,4.00,0.00,1.00,15542.00,03/21/2021 17:20:00,300.00
54,N/A,C:\Users\salov\Desktop,20210321_202437_029783.its,2021-03-21 12:00:58,-1,1,13.36,N/A,N/A,LMV2.6.19b.20201007204127.51526,N/A,2020-03-08,12,F,N/A,29783,5.0.1,0.00,0.00,1.00,0.00,0.00,0.00,1.00,15842.00,03/21/2021 17:25:00,300.00
55,N/A,C:\Users\salov\Desktop,20210321_202437_029783.its,2021-03-21 12:00:58,-1,1,13.36,N/A,N/A,LMV2.6.19b.20201007204127.51526,N/A,2020-03-08,12,F,N/A,29783,5.0.1,86.00,2.00,4.00,60.69,25.40,0.00,1.00,16142.00,03/21/2021 17:30:00,300.00
56,N/A,C:\Users\salov\Desktop,20210321_202437_029783.its,2021-03-21 12:00:58,-1,1,13.36,N/A,N/A,LMV2.6.19b.20201007204127.51526,N/A,2020-03-08,12,F,N/A,29783,5.0.1,293.00,3.00,3.00,40.36,253.05,0.00,1.00,16442.00,03/21/2021 17:35:00,300.00
57,N/A,C:\Users\salov\Desktop,20210321_202437_029783.its,2021-03-21 12:00:58,-1,1,13.36,N/A,N/A,LMV2.6.19b.20201007204127.51526,N/A,2020-03-08,12,F,N/A,29783,5.0.1,76.00,1.00,1.00,22.67,52.61,35.76,1.00,16742.00,03/21/2021 17:40:00,300.00
58,N/A,C:\Users\salov\Desktop,20210321_202437_029783.its,2021-03-21 12:00:58,-1,1,13.36,N/A,N/A,LMV2.6.19b.20201007204127.51526,N/A,2020-03-08,12,F,N/A,29783,5.0.1,82.00,0.00,0.00,30.47,52.32,74.72,1.00,17042.00,03/21/2021 17:45:00,300.00
59,N/A,C:\Users\salov\Desktop,20210321_202437_029783.its,2021-03-21 12:00:58,-1,1,13.36,N/A,N/A,LMV2.6.19b.20201007204127.51526,N/A,2020-03-08,12,F,N/A,29783,5.0.1,53.00,0.00,0.00,48.36,3.98,162.90,1.00,17342.00,03/21/2021 17:50:00,300.00
60,N/A,C:\Users\salov\Desktop,20210321_202437_029783.its,2021-03-21 12:00:58,-1,1,13.36,N/A,N/A,LMV2.6.19b.20201007204127.51526,N/A,2020-03-08,12,F,N/A,29783,5.0.1,28.00,1.00,11.00,21.01,6.92,1.68,1.00,17642.00,03/21/2021 17:55:00,300.00
61,N/A,C:\Users\salov\Desktop,20210321_202437_029783.its,2021-03-21 12:00:58,-1,1,13.36,N/A,N/A,LMV2.6.19b.20201007204127.51526,N/A,2020-03-08,12,F,N/A,29783,5.0.1,17.00,2.00,36.00,17.05,0.00,7.70,1.00,17942.00,03/21/2021 18:00:00,300.00
62,N/A,C:\Users\salov\Desktop,20210321_202437_029783.its,2021-03-21 12:00:58,-1,1,13.36,N/A,N/A,LMV2.6.19b.20201007204127.51526,N/A,2020-03-08,12,F,N/A,29783,5.0.1,7.00,1.00,11.00,7.00,0.00,36.27,1.00,18242.00,03/21/2021 18:05:00,300.00
63,N/A,C:\Users\salov\Desktop,20210321_202437_029783.its,2021-03-21 12:00:58,-1,1,13.36,N/A,N/A,LMV2.6.19b.20201007204127.51526,N/A,2020-03-08,12,F,N/A,29783,5.0.1,63.00,1.00,9.00,46.54,16.94,75.52,1.00,18542.00,03/21/2021 18:10:00,300.00
64,N/A,C:\Users\salov\Desktop,20210321_202437_029783.its,2021-03-21 12:00:58,-1,1,13.36,N/A,N/A,LMV2.6.19b.20201007204127.51526,N/A,2020-03-08,12,F,N/A,29783,5.0.1,77.00,6.00,11.00,72.11,4.26,51.85,1.00,18842.00,03/21/2021 18:15:00,300.00
65,N/A,C:\Users\salov\Desktop,20210321_202437_029783.its,2021-03-21 12:00:58,-1,1,13.36,N/A,N/A,LMV2.6.19b.20201007204127.51526,N/A,2020-03-08,12,F,N/A,29783,5.0.1,65.00,3.00,14.00,55.58,10.10,46.60,1.00,19142.00,03/21/2021 18:20:00,300.00
66,N/A,C:\Users\salov\Desktop,20210321_202437_029783.its,2021-03-21 12:00:58,-1,1,13.36,N/A,N/A,LMV2.6.19b.20201007204127.51526,N/A,2020-03-08,12,F,N/A,29783,5.0.1,50.00,4.00,32.00,48.33,1.55,18.05,1.00,19442.00,03/21/2021 18:25:00,300.00
67,N/A,C:\Users\salov\Desktop,20210321_202437_029783.its,2021-03-21 12:00:58,-1,1,13.36,N/A,N/A,LMV2.6.19b.20201007204127.51526,N/A,2020-03-08,12,F,N/A,29783,5.0.1,24.00,1.00,11.00,20.18,4.00,31.73,1.00,19742.00,03/21/2021 18:30:00,300.00
68,N/A,C:\Users\salov\Desktop,20210321_202437_029783.its,2021-03-21 12:00:58,-1,1,13.36,N/A,N/A,LMV2.6.19b.20201007204127.51526,N/A,2020-03-08,12,F,N/A,29783,5.0.1,0.00,0.00,1.00,0.00,0.00,0.00,1.00,20042.00,03/21/2021 18:35:00,300.00
69,N/A,C:\Users\salov\Desktop,20210321_202437_029783.its,2021-03-21 12:00:58,-1,1,13.36,N/A,N/A,LMV2.6.19b.20201007204127.51526,N/A,2020-03-08,12,F,N/A,29783,5.0.1,0.00,0.00,1.00,0.00,0.00,0.00,1.00,20342.00,03/21/2021 18:40:00,300.00
70,N/A,C:\Users\salov\Desktop,20210321_202437_029783.its,2021-03-21 12:00:58,-1,1,13.36,N/A,N/A,LMV2.6.19b.20201007204127.51526,N/A,2020-03-08,12,F,N/A,29783,5.0.1,0.00,0.00,1.00,0.00,0.00,0.00,1.00,20642.00,03/21/2021 18:45:00,300.00
71,N/A,C:\Users\salov\Desktop,20210321_202437_029783.its,2021-03-21 12:00:58,-1,1,13.36,N/A,N/A,LMV2.6.19b.20201007204127.51526,N/A,2020-03-08,12,F,N/A,29783,5.0.1,0.00,0.00,0.00,0.00,0.00,0.00,1.00,20942.00,03/21/2021 18:50:00,300.00
72,N/A,C:\Users\salov\Desktop,20210321_202437_029783.its,2021-03-21 12:00:58,-1,1,13.36,N/A,N/A,LMV2.6.19b.20201007204127.51526,N/A,2020-03-08,12,F,N/A,29783,5.0.1,0.00,0.00,1.00,0.00,0.00,0.00,1.00,21242.00,03/21/2021 18:55:00,300.00
73,N/A,C:\Users\salov\Desktop,20210321_202437_029783.its,2021-03-21 12:00:58,-1,1,13.36,N/A,N/A,LMV2.6.19b.20201007204127.51526,N/A,2020-03-08,12,F,N/A,29783,5.0.1,0.00,0.00,0.00,0.00,0.00,0.00,1.00,21542.00,03/21/2021 19:00:00,300.00
74,N/A,C:\Users\salov\Desktop,20210321_202437_029783.its,2021-03-21 12:00:58,-1,1,13.36,N/A,N/A,LMV2.6.19b.20201007204127.51526,N/A,2020-03-08,12,F,N/A,29783,5.0.1,0.00,0.00,0.00,0.00,0.00,0.00,1.00,21842.00,03/21/2021 19:05:00,300.00
75,N/A,C:\Users\salov\Desktop,20210321_202437_029783.its,2021-03-21 12:00:58,-1,1,13.36,N/A,N/A,LMV2.6.19b.20201007204127.51526,N/A,2020-03-08,12,F,N/A,29783,5.0.1,0.00,0.00,0.00,0.00,0.00,0.00,1.00,22142.00,03/21/2021 19:10:00,300.00
76,N/A,C:\Users\salov\Desktop,20210321_202437_029783.its,2021-03-21 12:00:58,-1,1,13.36,N/A,N/A,LMV2.6.19b.20201007204127.51526,N/A,2020-03-08,12,F,N/A,29783,5.0.1,0.00,0.00,0.00,0.00,0.00,0.00,1.00,22442.00,03/21/2021 19:15:00,300.00
77,N/A,C:\Users\salov\Desktop,20210321_202437_029783.its,2021-03-21 12:00:58,-1,1,13.36,N/A,N/A,LMV2.6.19b.20201007204127.51526,N/A,2020-03-08,12,F,N/A,29783,5.0.1,0.00,0.00,0.00,0.00,0.00,0.00,1.00,22742.00,03/21/2021 19:20:00,300.00
78,N/A,C:\Users\salov\Desktop,20210321_202437_029783.its,2021-03-21 12:00:58,-1,1,13.36,N/A,N/A,LMV2.6.19b.20201007204127.51526,N/A,2020-03-08,12,F,N/A,29783,5.0.1,0.00,0.00,0.00,0.00,0.00,0.00,1.00,23042.00,03/21/2021 19:25:00,300.00
79,N/A,C:\Users\salov\Desktop,20210321_202437_029783.its,2021-03-21 12:00:58,-1,1,13.36,N/A,N/A,LMV2.6.19b.20201007204127.51526,N/A,2020-03-08,12,F,N/A,29783,5.0.1,0.00,0.00,0.00,0.00,0.00,0.00,1.00,23342.00,03/21/2021 19:30:00,300.00
80,N/A,C:\Users\salov\Desktop,20210321_202437_029783.its,2021-03-21 12:00:58,-1,1,13.36,N/A,N/A,LMV2.6.19b.20201007204127.51526,N/A,2020-03-08,12,F,N/A,29783,5.0.1,0.00,0.00,0.00,0.00,0.00,0.00,1.00,23642.00,03/21/2021 19:35:00,300.00
81,N/A,C:\Users\salov\Desktop,20210321_202437_029783.its,2021-03-21 12:00:58,-1,1,13.36,N/A,N/A,LMV2.6.19b.20201007204127.51526,N/A,2020-03-08,12,F,N/A,29783,5.0.1,0.00,0.00,0.00,0.00,0.00,0.00,1.00,23942.00,03/21/2021 19:40:00,300.00
82,N/A,C:\Users\salov\Desktop,20210321_202437_029783.its,2021-03-21 12:00:58,-1,1,13.36,N/A,N/A,LMV2.6.19b.20201007204127.51526,N/A,2020-03-08,12,F,N/A,29783,5.0.1,0.00,0.00,0.00,0.00,0.00,0.00,1.00,24242.00,03/21/2021 19:45:00,300.00
83,N/A,C:\Users\salov\Desktop,20210321_202437_029783.its,2021-03-21 12:00:58,-1,1,13.36,N/A,N/A,LMV2.6.19b.20201007204127.51526,N/A,2020-03-08,12,F,N/A,29783,5.0.1,0.00,0.00,0.00,0.00,0.00,0.00,1.00,24542.00,03/21/2021 19:50:00,300.00
84,N/A,C:\Users\salov\Desktop,20210321_202437_029783.its,2021-03-21 12:00:58,-1,1,13.36,N/A,N/A,LMV2.6.19b.20201007204127.51526,N/A,2020-03-08,12,F,N/A,29783,5.0.1,0.00,0.00,0.00,0.00,0.00,0.00,1.00,24842.00,03/21/2021 19:55:00,300.00
85,N/A,C:\Users\salov\Desktop,20210321_202437_029783.its,2021-03-21 12:00:58,-1,1,13.36,N/A,N/A,LMV2.6.19b.20201007204127.51526,N/A,2020-03-08,12,F,N/A,29783,5.0.1,0.00,0.00,0.00,0.00,0.00,0.00,1.00,25142.00,03/21/2021 20:00:00,300.00
86,N/A,C:\Users\salov\Desktop,20210321_202437_029783.its,2021-03-21 12:00:58,-1,1,13.36,N/A,N/A,LMV2.6.19b.20201007204127.51526,N/A,2020-03-08,12,F,N/A,29783,5.0.1,0.00,0.00,0.00,0.00,0.00,0.00,1.00,25442.00,03/21/2021 20:05:00,300.00
87,N/A,C:\Users\salov\Desktop,20210321_202437_029783.its,2021-03-21 12:00:58,-1,1,13.36,N/A,N/A,LMV2.6.19b.20201007204127.51526,N/A,2020-03-08,12,F,N/A,29783,5.0.1,0.00,0.00,0.00,0.00,0.00,0.00,1.00,25742.00,03/21/2021 20:10:00,300.00
88,N/A,C:\Users\salov\Desktop,20210321_202437_029783.its,2021-03-21 12:00:58,-1,1,13.36,N/A,N/A,LMV2.6.19b.20201007204127.51526,N/A,2020-03-08,12,F,N/A,29783,5.0.1,0.00,0.00,0.00,0.00,0.00,0.00,1.00,26042.00,03/21/2021 20:15:00,300.00
89,N/A,C:\Users\salov\Desktop,20210321_202437_029783.its,2021-03-21 12:00:58,-1,1,13.36,N/A,N/A,LMV2.6.19b.20201007204127.51526,N/A,2020-03-08,12,F,N/A,29783,5.0.1,0.00,0.00,0.00,0.00,0.00,0.00,1.00,26342.00,03/21/2021 20:20:00,300.00
90,N/A,C:\Users\salov\Desktop,20210321_202437_029783.its,2021-03-21 12:00:58,-1,1,13.36,N/A,N/A,LMV2.6.19b.20201007204127.51526,N/A,2020-03-08,12,F,N/A,29783,5.0.1,11.00,0.00,0.00,11.01,0.00,23.54,1.00,26642.00,03/21/2021 20:25:00,300.00
91,N/A,C:\Users\salov\Desktop,20210321_202437_029783.its,2021-03-21 12:00:58,-1,1,13.36,N/A,N/A,LMV2.6.19b.20201007204127.51526,N/A,2020-03-08,12,F,N/A,29783,5.0.1,58.00,3.00,11.00,48.92,8.92,64.55,1.00,26942.00,03/21/2021 20:30:00,300.00
92,N/A,C:\Users\salov\Desktop,20210321_202437_029783.its,2021-03-21 12:00:58,-1,1,13.36,N/A,N/A,LMV2.6.19b.20201007204127.51526,N/A,2020-03-08,12,F,N/A,29783,5.0.1,287.00,5.00,11.00,194.28,92.17,14.96,1.00,27242.00,03/21/2021 20:35:00,300.00
93,N/A,C:\Users\salov\Desktop,20210321_202437_029783.its,2021-03-21 12:00:58,-1,1,13.36,N/A,N/A,LMV2.6.19b.20201007204127.51526,N/A,2020-03-08,12,F,N/A,29783,5.0.1,129.00,0.00,3.00,71.47,58.20,58.91,1.00,27542.00,03/21/2021 20:40:00,300.00
94,N/A,C:\Users\salov\Desktop,20210321_202437_029783.its,2021-03-21 12:00:58,-1,1,13.36,N/A,N/A,LMV2.6.19b.20201007204127.51526,N/A,2020-03-08,12,F,N/A,29783,5.0.1,37.00,0.00,7.00,30.79,5.50,8.88,1.00,27842.00,03/21/2021 20:45:00,300.00
95,N/A,C:\Users\salov\Desktop,20210321_202437_029783.its,2021-03-21 12:00:58,-1,1,13.36,N/A,N/A,LMV2.6.19b.20201007204127.51526,N/A,2020-03-08,12,F,N/A,29783,5.0.1,93.00,0.00,8.00,68.93,24.59,69.75,1.00,28142.00,03/21/2021 20:50:00,300.00
96,N/A,C:\Users\salov\Desktop,20210321_202437_029783.its,2021-03-21 12:00:58,-1,1,13.36,N/A,N/A,LMV2.6.19b.20201007204127.51526,N/A,2020-03-08,12,F,N/A,29783,5.0.1,238.00,0.00,4.00,116.57,121.31,97.03,1.00,28442.00,03/21/2021 20:55:00,300.00
97,N/A,C:\Users\salov\Desktop,20210321_202437_029783.its,2021-03-21 12:00:58,-1,1,13.36,N/A,N/A,LMV2.6.19b.20201007204127.51526,N/A,2020-03-08,12,F,N/A,29783,5.0.1,106.00,1.00,6.00,64.51,41.29,103.09,1.00,28742.00,03/21/2021 21:00:00,300.00
98,N/A,C:\Users\salov\Desktop,20210321_202437_029783.its,2021-03-21 12:00:58,-1,1,13.36,N/A,N/A,LMV2.6.19b.20201007204127.51526,N/A,2020-03-08,12,F,N/A,29783,5.0.1,114.00,5.00,8.00,106.37,7.51,28.07,1.00,29042.00,03/21/2021 21:05:00,300.00
99,N/A,C:\Users\salov\Desktop,20210321_202437_029783.its,2021-03-21 12:00:58,-1,1,13.36,N/A,N/A,LMV2.6.19b.20201007204127.51526,N/A,2020-03-08,12,F,N/A,29783,5.0.1,247.00,4.00,12.00,87.22,159.75,6.55,1.00,29342.00,03/21/2021 21:10:00,300.00
100,N/A,C:\Users\salov\Desktop,20210321_202437_029783.its,2021-03-21 12:00:58,-1,1,13.36,N/A,N/A,LMV2.6.19b.20201007204127.51526,N/A,2020-03-08,12,F,N/A,29783,5.0.1,72.00,4.00,16.00,25.05,47.16,23.32,1.00,29642.00,03/21/2021 21:15:00,300.00
101,N/A,C:\Users\salov\Desktop,20210321_202437_029783.its,2021-03-21 12:00:58,-1,1,13.36,N/A,N/A,LMV2.6.19b.20201007204127.51526,N/A,2020-03-08,12,F,N/A,29783,5.0.1,6.00,1.00,15.00,0.00,5.76,3.54,1.00,29942.00,03/21/2021 21:20:00,300.00
102,N/A,C:\Users\salov\Desktop,20210321_202437_029783.its,2021-03-21 12:00:58,-1,1,13.36,N/A,N/A,LMV2.6.19b.20201007204127.51526,N/A,2020-03-08,12,F,N/A,29783,5.0.1,10.00,1.00,9.00,10.40,0.00,23.19,1.00,30242.00,03/21/2021 21:25:00,300.00
103,N/A,C:\Users\salov\Desktop,20210321_202437_029783.its,2021-03-21 12:00:58,-1,1,13.36,N/A,N/A,LMV2.6.19b.20201007204127.51526,N/A,2020-03-08,12,F,N/A,29783,5.0.1,15.00,0.00,0.00,4.62,10.06,12.18,1.00,30542.00,03/21/2021 21:30:00,300.00
104,N/A,C:\Users\salov\Desktop,20210321_202437_029783.its,2021-03-21 12:00:58,-1,1,13.36,N/A,N/A,LMV2.6.19b.20201007204127.51526,N/A,2020-03-08,12,F,N/A,29783,5.0.1,50.00,2.00,3.00,45.66,4.90,5.94,1.00,30842.00,03/21/2021 21:35:00,300.00
105,N/A,C:\Users\salov\Desktop,20210321_202437_029783.its,2021-03-21 12:00:58,-1,1,13.36,N/A,N/A,LMV2.6.19b.20201007204127.51526,N/A,2020-03-08,12,F,N/A,29783,5.0.1,27.00,1.00,2.00,8.58,18.63,5.85,1.00,31142.00,03/21/2021 21:40:00,300.00
106,N/A,C:\Users\salov\Desktop,20210321_202437_029783.its,2021-03-21 12:00:58,-1,1,13.36,N/A,N/A,LMV2.6.19b.20201007204127.51526,N/A,2020-03-08,12,F,N/A,29783,5.0.1,15.00,1.00,7.00,0.20,14.71,39.45,1.00,31442.00,03/21/2021 21:45:00,300.00
107,N/A,C:\Users\salov\Desktop,20210321_202437_029783.its,2021-03-21 12:00:58,-1,1,13.36,N/A,N/A,LMV2.6.19b.20201007204127.51526,N/A,2020-03-08,12,F,N/A,29783,5.0.1,15.00,0.00,17.00,0.00,14.63,12.34,1.00,31742.00,03/21/2021 21:50:00,300.00
108,N/A,C:\Users\salov\Desktop,20210321_202437_029783.its,2021-03-21 12:00:58,-1,1,13.36,N/A,N/A,LMV2.6.19b.20201007204127.51526,N/A,2020-03-08,12,F,N/A,29783,5.0.1,0.00,0.00,38.00,0.00,0.00,21.80,1.00,32042.00,03/21/2021 21:55:00,300.00
109,N/A,C:\Users\salov\Desktop,20210321_202437_029783.its,2021-03-21 12:00:58,-1,1,13.36,N/A,N/A,LMV2.6.19b.20201007204127.51526,N/A,2020-03-08,12,F,N/A,29783,5.0.1,17.00,1.00,17.00,17.27,0.00,4.94,1.00,32342.00,03/21/2021 22:00:00,300.00
110,N/A,C:\Users\salov\Desktop,20210321_202437_029783.its,2021-03-21 12:00:58,-1,1,13.36,N/A,N/A,LMV2.6.19b.20201007204127.51526,N/A,2020-03-08,12,F,N/A,29783,5.0.1,34.00,2.00,14.00,23.17,10.43,9.71,1.00,32642.00,03/21/2021 22:05:00,300.00
111,N/A,C:\Users\salov\Desktop,20210321_202437_029783.its,2021-03-21 12:00:58,-1,1,13.36,N/A,N/A,LMV2.6.19b.20201007204127.51526,N/A,2020-03-08,12,F,N/A,29783,5.0.1,9.00,0.00,4.00,9.47,0.00,6.84,1.00,32942.00,03/21/2021 22:10:00,300.00
112,N/A,C:\Users\salov\Desktop,20210321_202437_029783.its,2021-03-21 12:00:58,-1,1,13.36,N/A,N/A,LMV2.6.19b.20201007204127.51526,N/A,2020-03-08,12,F,N/A,29783,5.0.1,13.00,0.00,13.00,13.00,0.00,4.78,1.00,33242.00,03/21/2021 22:15:00,300.00
113,N/A,C:\Users\salov\Desktop,20210321_202437_029783.its,2021-03-21 12:00:58,-1,1,13.36,N/A,N/A,LMV2.6.19b.20201007204127.51526,N/A,2020-03-08,12,F,N/A,29783,5.0.1,90.00,2.00,13.00,89.75,0.00,24.07,1.00,33542.00,03/21/2021 22:20:00,300.00
114,N/A,C:\Users\salov\Desktop,20210321_202437_029783.its,2021-03-21 12:00:58,-1,1,13.36,N/A,N/A,LMV2.6.19b.20201007204127.51526,N/A,2020-03-08,12,F,N/A,29783,5.0.1,95.00,4.00,6.00,94.58,0.00,27.23,1.00,33842.00,03/21/2021 22:25:00,300.00
115,N/A,C:\Users\salov\Desktop,20210321_202437_029783.its,2021-03-21 12:00:58,-1,1,13.36,N/A,N/A,LMV2.6.19b.20201007204127.51526,N/A,2020-03-08,12,F,N/A,29783,5.0.1,20.00,1.00,22.00,0.00,20.34,11.76,1.00,34142.00,03/21/2021 22:30:00,300.00
116,N/A,C:\Users\salov\Desktop,20210321_202437_029783.its,2021-03-21 12:00:58,-1,1,13.36,N/A,N/A,LMV2.6.19b.20201007204127.51526,N/A,2020-03-08,12,F,N/A,29783,5.0.1,94.00,4.00,8.00,85.33,8.29,9.86,1.00,34442.00,03/21/2021 22:35:00,300.00
117,N/A,C:\Users\salov\Desktop,20210321_202437_029783.its,2021-03-21 12:00:58,-1,1,13.36,N/A,N/A,LMV2.6.19b.20201007204127.51526,N/A,2020-03-08,12,F,N/A,29783,5.0.1,102.00,0.00,5.00,23.07,79.19,0.87,1.00,34742.00,03/21/2021 22:40:00,300.00
118,N/A,C:\Users\salov\Desktop,20210321_202437_029783.its,2021-03-21 12:00:58,-1,1,13.36,N/A,N/A,LMV2.6.19b.20201007204127.51526,N/A,2020-03-08,12,F,N/A,29783,5.0.1,350.00,1.00,1.00,58.45,291.82,0.00,1.00,35042.00,03/21/2021 22:45:00,300.00
119,N/A,C:\Users\salov\Desktop,20210321_202437_029783.its,2021-03-21 12:00:58,-1,1,13.36,N/A,N/A,LMV2.6.19b.20201007204127.51526,N/A,2020-03-08,12,F,N/A,29783,5.0.1,142.00,8.00,27.00,51.13,91.10,0.00,1.00,35342.00,03/21/2021 22:50:00,300.00
120,N/A,C:\Users\salov\Desktop,20210321_202437_029783.its,2021-03-21 12:00:58,-1,1,13.36,N/A,N/A,LMV2.6.19b.20201007204127.51526,N/A,2020-03-08,12,F,N/A,29783,5.0.1,115.00,2.00,26.00,45.86,68.85,0.00,1.00,35642.00,03/21/2021 22:55:00,300.00
121,N/A,C:\Users\salov\Desktop,20210321_202437_029783.its,2021-03-21 12:00:58,-1,1,13.36,N/A,N/A,LMV2.6.19b.20201007204127.51526,N/A,2020-03-08,12,F,N/A,29783,5.0.1,9.00,1.00,44.00,5.88,3.41,0.00,1.00,35942.00,03/21/2021 23:00:00,300.00
122,N/A,C:\Users\salov\Desktop,20210321_202437_029783.its,2021-03-21 12:00:58,-1,1,13.36,N/A,N/A,LMV2.6.19b.20201007204127.51526,N/A,2020-03-08,12,F,N/A,29783,5.0.1,15.00,1.00,26.00,0.00,14.67,0.00,1.00,36242.00,03/21/2021 23:05:00,300.00
123,N/A,C:\Users\salov\Desktop,20210321_202437_029783.its,2021-03-21 12:00:58,-1,1,13.36,N/A,N/A,LMV2.6.19b.20201007204127.51526,N/A,2020-03-08,12,F,N/A,29783,5.0.1,15.00,3.00,24.00,7.39,7.19,0.00,1.00,36542.00,03/21/2021 23:10:00,300.00
124,N/A,C:\Users\salov\Desktop,20210321_202437_029783.its,2021-03-21 12:00:58,-1,1,13.36,N/A,N/A,LMV2.6.19b.20201007204127.51526,N/A,2020-03-08,12,F,N/A,29783,5.0.1,51.00,7.00,52.00,24.59,26.45,0.00,1.00,36842.00,03/21/2021 23:15:00,300.00
125,N/A,C:\Users\salov\Desktop,20210321_202437_029783.its,2021-03-21 12:00:58,-1,1,13.36,N/A,N/A,LMV2.6.19b.20201007204127.51526,N/A,2020-03-08,12,F,N/A,29783,5.0.1,173.00,1.00,8.00,74.75,99.07,1.60,1.00,37142.00,03/21/2021 23:20:00,300.00
126,N/A,C:\Users\salov\Desktop,20210321_202437_029783.its,2021-03-21 12:00:58,-1,1,13.36,N/A,N/A,LMV2.6.19b.20201007204127.51526,N/A,2020-03-08,12,F,N/A,29783,5.0.1,113.00,4.00,22.00,37.80,74.34,12.29,1.00,37442.00,03/21/2021 23:25:00,300.00
127,N/A,C:\Users\salov\Desktop,20210321_202437_029783.its,2021-03-21 12:00:58,-1,1,13.36,N/A,N/A,LMV2.6.19b.20201007204127.51526,N/A,2020-03-08,12,F,N/A,29783,5.0.1,56.00,1.00,21.00,3.85,52.35,0.00,1.00,37742.00,03/21/2021 23:30:00,300.00
128,N/A,C:\Users\salov\Desktop,20210321_202437_029783.its,2021-03-21 12:00:58,-1,1,13.36,N/A,N/A,LMV2.6.19b.20201007204127.51526,N/A,2020-03-08,12,F,N/A,29783,5.0.1,48.00,0.00,12.00,43.82,3.98,6.63,1.00,38042.00,03/21/2021 23:35:00,300.00
129,N/A,C:\Users\salov\Desktop,20210321_202437_029783.its,2021-03-21 12:00:58,-1,1,13.36,N/A,N/A,LMV2.6.19b.20201007204127.51526,N/A,2020-03-08,12,F,N/A,29783,5.0.1,37.00,0.00,2.00,34.52,2.81,1.60,1.00,38342.00,03/21/2021 23:40:00,300.00
130,N/A,C:\Users\salov\Desktop,20210321_202437_029783.its,2021-03-21 12:00:58,-1,1,13.36,N/A,N/A,LMV2.6.19b.20201007204127.51526,N/A,2020-03-08,12,F,N/A,29783,5.0.1,0.00,0.00,0.00,0.00,0.00,5.61,1.00,38642.00,03/21/2021 23:45:00,300.00
131,N/A,C:\Users\salov\Desktop,20210321_202437_029783.its,2021-03-21 12:00:58,-1,1,13.36,N/A,N/A,LMV2.6.19b.20201007204127.51526,N/A,2020-03-08,12,F,N/A,29783,5.0.1,100.00,0.00,2.00,94.28,5.33,17.80,1.00,38942.00,03/21/2021 23:50:00,300.00
132,N/A,C:\Users\salov\Desktop,20210321_202437_029783.its,2021-03-21 12:00:58,-1,1,13.36,N/A,N/A,LMV2.6.19b.20201007204127.51526,N/A,2020-03-08,12,F,N/A,29783,5.0.1,163.00,3.00,7.00,150.32,13.54,36.01,1.00,39242.00,03/21/2021 23:55:00,300.00
133,N/A,C:\Users\salov\Desktop,20210321_202437_029783.its,2021-03-21 12:00:58,-1,1,13.36,N/A,N/A,LMV2.6.19b.20201007204127.51526,N/A,2020-03-08,12,F,N/A,29783,5.0.1,144.00,1.00,1.00,143.91,0.00,71.88,1.00,39542.00,03/22/2021 00:00:00,300.00
134,N/A,C:\Users\salov\Desktop,20210321_202437_029783.its,2021-03-21 12:00:58,-1,1,13.36,N/A,N/A,LMV2.6.19b.20201007204127.51526,N/A,2020-03-08,12,F,N/A,29783,5.0.1,81.00,3.00,4.00,81.15,0.00,133.84,1.00,39842.00,03/22/2021 00:05:00,300.00
135,N/A,C:\Users\salov\Desktop,20210321_202437_029783.its,2021-03-21 12:00:58,-1,1,13.36,N/A,N/A,LMV2.6.19b.20201007204127.51526,N/A,2020-03-08,12,F,N/A,29783,5.0.1,77.00,0.00,0.00,76.15,0.00,142.48,1.00,40142.00,03/22/2021 00:10:00,300.00
136,N/A,C:\Users\salov\Desktop,20210321_202437_029783.its,2021-03-21 12:00:58,-1,1,13.36,N/A,N/A,LMV2.6.19b.20201007204127.51526,N/A,2020-03-08,12,F,N/A,29783,5.0.1,50.00,0.00,0.00,47.06,3.79,2.66,1.00,40442.00,03/22/2021 00:15:00,300.00
137,N/A,C:\Users\salov\Desktop,20210321_202437_029783.its,2021-03-21 12:00:58,-1,1,13.36,N/A,N/A,LMV2.6.19b.20201007204127.51526,N/A,2020-03-08,12,F,N/A,29783,5.0.1,148.00,1.00,4.00,110.72,36.38,1.67,1.00,40742.00,03/22/2021 00:20:00,300.00
138,N/A,C:\Users\salov\Desktop,20210321_202437_029783.its,2021-03-21 12:00:58,-1,1,13.36,N/A,N/A,LMV2.6.19b.20201007204127.51526,N/A,2020-03-08,12,F,N/A,29783,5.0.1,178.00,6.00,14.00,90.55,88.10,28.61,1.00,41042.00,03/22/2021 00:25:00,300.00
139,N/A,C:\Users\salov\Desktop,20210321_202437_029783.its,2021-03-21 12:00:58,-1,1,13.36,N/A,N/A,LMV2.6.19b.20201007204127.51526,N/A,2020-03-08,12,F,N/A,29783,5.0.1,170.00,8.00,18.00,146.71,23.39,22.97,1.00,41342.00,03/22/2021 00:30:00,300.00
140,N/A,C:\Users\salov\Desktop,20210321_202437_029783.its,2021-03-21 12:00:58,-1,1,13.36,N/A,N/A,LMV2.6.19b.20201007204127.51526,N/A,2020-03-08,12,F,N/A,29783,5.0.1,175.00,4.00,14.00,174.77,0.00,112.87,1.00,41642.00,03/22/2021 00:35:00,300.00
141,N/A,C:\Users\salov\Desktop,20210321_202437_029783.its,2021-03-21 12:00:58,-1,1,13.36,N/A,N/A,LMV2.6.19b.20201007204127.51526,N/A,2020-03-08,12,F,N/A,29783,5.0.1,112.00,7.00,23.00,77.92,33.98,54.23,1.00,41942.00,03/22/2021 00:40:00,300.00
142,N/A,C:\Users\salov\Desktop,20210321_202437_029783.its,2021-03-21 12:00:58,-1,1,13.36,N/A,N/A,LMV2.6.19b.20201007204127.51526,N/A,2020-03-08,12,F,N/A,29783,5.0.1,0.00,0.00,0.00,0.00,0.00,0.00,1.00,42242.00,03/22/2021 00:45:00,300.00
143,N/A,C:\Users\salov\Desktop,20210321_202437_029783.its,2021-03-21 12:00:58,-1,1,13.36,N/A,N/A,LMV2.6.19b.20201007204127.51526,N/A,2020-03-08,12,F,N/A,29783,5.0.1,0.00,0.00,0.00,0.00,0.00,0.00,1.00,42542.00,03/22/2021 00:50:00,300.00
144,N/A,C:\Users\salov\Desktop,20210321_202437_029783.its,2021-03-21 12:00:58,-1,1,13.36,N/A,N/A,LMV2.6.19b.20201007204127.51526,N/A,2020-03-08,12,F,N/A,29783,5.0.1,0.00,0.00,0.00,0.00,0.00,0.00,1.00,42842.00,03/22/2021 00:55:00,300.00
145,N/A,C:\Users\salov\Desktop,20210321_202437_029783.its,2021-03-21 12:00:58,-1,1,13.36,N/A,N/A,LMV2.6.19b.20201007204127.51526,N/A,2020-03-08,12,F,N/A,29783,5.0.1,0.00,0.00,0.00,0.00,0.00,0.00,1.00,43142.00,03/22/2021 01:00:00,300.00
146,N/A,C:\Users\salov\Desktop,20210321_202437_029783.its,2021-03-21 12:00:58,-1,1,13.36,N/A,N/A,LMV2.6.19b.20201007204127.51526,N/A,2020-03-08,12,F,N/A,29783,5.0.1,0.00,0.00,0.00,0.00,0.00,0.00,1.00,43442.00,03/22/2021 01:05:00,300.00
147,N/A,C:\Users\salov\Desktop,20210321_202437_029783.its,2021-03-21 12:00:58,-1,1,13.36,N/A,N/A,LMV2.6.19b.20201007204127.51526,N/A,2020-03-08,12,F,N/A,29783,5.0.1,0.00,0.00,0.00,0.00,0.00,0.00,1.00,43742.00,03/22/2021 01:10:00,300.00
148,N/A,C:\Users\salov\Desktop,20210321_202437_029783.its,2021-03-21 12:00:58,-1,1,13.36,N/A,N/A,LMV2.6.19b.20201007204127.51526,N/A,2020-03-08,12,F,N/A,29783,5.0.1,0.00,0.00,0.00,0.00,0.00,0.00,1.00,44042.00,03/22/2021 01:15:00,300.00
149,N/A,C:\Users\salov\Desktop,20210321_202437_029783.its,2021-03-21 12:00:58,-1,1,13.36,N/A,N/A,LMV2.6.19b.20201007204127.51526,N/A,2020-03-08,12,F,N/A,29783,5.0.1,0.00,0.00,0.00,0.00,0.00,0.00,1.00,44342.00,03/22/2021 01:20:00,300.00
150,N/A,C:\Users\salov\Desktop,20210321_202437_029783.its,2021-03-21 12:00:58,-1,1,13.36,N/A,N/A,LMV2.6.19b.20201007204127.51526,N/A,2020-03-08,12,F,N/A,29783,5.0.1,0.00,0.00,0.00,0.00,0.00,0.00,1.00,44642.00,03/22/2021 01:25:00,300.00
151,N/A,C:\Users\salov\Desktop,20210321_202437_029783.its,2021-03-21 12:00:58,-1,1,13.36,N/A,N/A,LMV2.6.19b.20201007204127.51526,N/A,2020-03-08,12,F,N/A,29783,5.0.1,0.00,0.00,0.00,0.00,0.00,0.00,1.00,44942.00,03/22/2021 01:30:00,300.00
152,N/A,C:\Users\salov\Desktop,20210321_202437_029783.its,2021-03-21 12:00:58,-1,1,13.36,N/A,N/A,LMV2.6.19b.20201007204127.51526,N/A,2020-03-08,12,F,N/A,29783,5.0.1,0.00,0.00,0.00,0.00,0.00,0.00,1.00,45242.00,03/22/2021 01:35:00,300.00
153,N/A,C:\Users\salov\Desktop,20210321_202437_029783.its,2021-03-21 12:00:58,-1,1,13.36,N/A,N/A,LMV2.6.19b.20201007204127.51526,N/A,2020-03-08,12,F,N/A,29783,5.0.1,0.00,0.00,0.00,0.00,0.00,0.00,1.00,45542.00,03/22/2021 01:40:00,300.00
154,N/A,C:\Users\salov\Desktop,20210321_202437_029783.its,2021-03-21 12:00:58,-1,1,13.36,N/A,N/A,LMV2.6.19b.20201007204127.51526,N/A,2020-03-08,12,F,N/A,29783,5.0.1,0.00,0.00,0.00,0.00,0.00,0.00,1.00,45842.00,03/22/2021 01:45:00,300.00
155,N/A,C:\Users\salov\Desktop,20210321_202437_029783.its,2021-03-21 12:00:58,-1,1,13.36,N/A,N/A,LMV2.6.19b.20201007204127.51526,N/A,2020-03-08,12,F,N/A,29783,5.0.1,0.00,0.00,0.00,0.00,0.00,0.00,1.00,46142.00,03/22/2021 01:50:00,300.00
156,N/A,C:\Users\salov\Desktop,20210321_202437_029783.its,2021-03-21 12:00:58,-1,1,13.36,N/A,N/A,LMV2.6.19b.20201007204127.51526,N/A,2020-03-08,12,F,N/A,29783,5.0.1,0.00,0.00,0.00,0.00,0.00,0.00,1.00,46442.00,03/22/2021 01:55:00,300.00
157,N/A,C:\Users\salov\Desktop,20210321_202437_029783.its,2021-03-21 12:00:58,-1,1,13.36,N/A,N/A,LMV2.6.19b.20201007204127.51526,N/A,2020-03-08,12,F,N/A,29783,5.0.1,0.00,0.00,0.00,0.00,0.00,0.00,1.00,46742.00,03/22/2021 02:00:00,300.00
158,N/A,C:\Users\salov\Desktop,20210321_202437_029783.its,2021-03-21 12:00:58,-1,1,13.36,N/A,N/A,LMV2.6.19b.20201007204127.51526,N/A,2020-03-08,12,F,N/A,29783,5.0.1,0.00,0.00,0.00,0.00,0.00,0.00,1.00,47042.00,03/22/2021 02:05:00,300.00
159,N/A,C:\Users\salov\Desktop,20210321_202437_029783.its,2021-03-21 12:00:58,-1,1,13.36,N/A,N/A,LMV2.6.19b.20201007204127.51526,N/A,2020-03-08,12,F,N/A,29783,5.0.1,0.00,0.00,0.00,0.00,0.00,0.00,1.00,47342.00,03/22/2021 02:10:00,300.00
160,N/A,C:\Users\salov\Desktop,20210321_202437_029783.its,2021-03-21 12:00:58,-1,1,13.36,N/A,N/A,LMV2.6.19b.20201007204127.51526,N/A,2020-03-08,12,F,N/A,29783,5.0.1,0.00,0.00,0.00,0.00,0.00,0.00,1.00,47642.00,03/22/2021 02:15:00,300.00
161,N/A,C:\Users\salov\Desktop,20210321_202437_029783.its,2021-03-21 12:00:58,-1,1,13.36,N/A,N/A,LMV2.6.19b.20201007204127.51526,N/A,2020-03-08,12,F,N/A,29783,5.0.1,0.00,0.00,0.00,0.00,0.00,3.58,1.00,47942.00,03/22/2021 02:20:00,165.74
